steps,time
case fold,0.0034462000003259
filtering,0.0083328000000619
remove stopwords,2.296888799999578
stemming,120.98067269999956
